{"initial_reset_timestamp": 204.549275208, "timestamps": [212.92541201, 221.41977195, 227.246392382, 239.045708091, 245.986803362, 257.299948935, 264.174291204, 277.068150776, 301.425813038, 307.173476995], "episode_lengths": [31, 43, 28, 49, 35, 62, 46, 76, 136, 32], "episode_rewards": [31.0, 43.0, 28.0, 49.0, 35.0, 62.0, 46.0, 76.0, 136.0, 32.0], "episode_types": ["t", "t", "t", "t", "t", "t", "t", "t", "t", "t"]}