{"initial_reset_timestamp": 210.200075834, "timestamps": [216.588043256, 228.234948128, 233.855583595, 239.647975314, 244.929477395, 251.252150869, 255.556551406, 259.691691767, 265.802085597, 267.154712632], "episode_lengths": [23, 72, 33, 35, 31, 41, 29, 27, 40, 8], "episode_rewards": [23.0, 72.0, 33.0, 35.0, 31.0, 41.0, 29.0, 27.0, 40.0, 8.0], "episode_types": ["t", "t", "t", "t", "t", "t", "t", "t", "t", "t"]}