{"initial_reset_timestamp": 215.732694017, "timestamps": [285.662250445, 303.311131649, 385.854396427, 452.010222348, 519.696881106, 590.895436712, 635.721895113, 684.908828524, 764.068556803, 821.22880497], "episode_lengths": [37, 11, 51, 40, 42, 44, 28, 32, 49, 36], "episode_rewards": [37.0, 11.0, 51.0, 40.0, 42.0, 44.0, 28.0, 32.0, 49.0, 36.0], "episode_types": ["t", "t", "t", "t", "t", "t", "t", "t", "t", "t"]}