{"initial_reset_timestamp": 260.883799291, "timestamps": [268.777135639, 270.550783396, 275.973408152, 285.487953807, 296.642479837, 298.445532418, 306.847243746, 312.793005331, 319.640242397, 321.682897953], "episode_lengths": [31, 10, 33, 51, 60, 9, 45, 33, 35, 10], "episode_rewards": [31.0, 10.0, 33.0, 51.0, 60.0, 9.0, 45.0, 33.0, 35.0, 10.0], "episode_types": ["t", "t", "t", "t", "t", "t", "t", "t", "t", "t"]}