{"initial_reset_timestamp": 201.670989556, "timestamps": [215.879010436, 217.758614967, 226.556913009, 232.744967129, 240.606169949, 247.924910194, 249.6625413, 254.887380904, 259.978477847, 266.522006844], "episode_lengths": [40, 11, 51, 33, 46, 45, 9, 33, 31, 34], "episode_rewards": [40.0, 11.0, 51.0, 33.0, 46.0, 45.0, 9.0, 33.0, 31.0, 34.0], "episode_types": ["t", "t", "t", "t", "t", "t", "t", "t", "t", "t"]}