{"initial_reset_timestamp": 216.815372219, "timestamps": [233.357131673, 243.073887095, 246.51755939, 250.166236523, 269.703275211, 274.838140081, 284.006669351, 289.726684857, 294.365157995, 300.461851856], "episode_lengths": [91, 59, 19, 20, 125, 31, 55, 32, 28, 37], "episode_rewards": [91.0, 59.0, 19.0, 20.0, 125.0, 31.0, 55.0, 32.0, 28.0, 37.0], "episode_types": ["t", "t", "t", "t", "t", "t", "t", "t", "t", "t"]}