{"initial_reset_timestamp": 228.259684879, "timestamps": [237.301334037, 239.309237415, 245.93868522, 252.854228348, 258.018861178, 267.661157928, 274.28380786, 282.438129072, 289.894450129, 302.801931474], "episode_lengths": [37, 11, 32, 36, 28, 46, 32, 45, 42, 64], "episode_rewards": [37.0, 11.0, 32.0, 36.0, 28.0, 46.0, 32.0, 45.0, 42.0, 64.0], "episode_types": ["t", "t", "t", "t", "t", "t", "t", "t", "t", "t"]}