{"initial_reset_timestamp": 209.377092725, "timestamps": [363.600647554, 489.110444151, 638.328855373, 814.66854326, 934.542527537, 984.237878858, 1163.205471085, 1306.416252475, 1523.345419398, 1704.091632384], "episode_lengths": [42, 32, 38, 42, 29, 12, 42, 37, 55, 47], "episode_rewards": [42.0, 32.0, 38.0, 42.0, 29.0, 12.0, 42.0, 37.0, 55.0, 47.0], "episode_types": ["t", "t", "t", "t", "t", "t", "t", "t", "t", "t"]}