{"initial_reset_timestamp": 210.156128586, "timestamps": [324.906100448, 417.762090111, 518.775830741, 595.437543788, 671.232888456, 774.390766787, 892.741077247, 984.399455695, 1103.893106429, 1208.243276009], "episode_lengths": [10, 9, 10, 8, 8, 10, 10, 9, 10, 10], "episode_rewards": [10.0, 9.0, 10.0, 8.0, 8.0, 10.0, 10.0, 9.0, 10.0, 10.0], "episode_types": ["t", "t", "t", "t", "t", "t", "t", "t", "t", "t"]}