{"initial_reset_timestamp": 201.827506098, "timestamps": [211.014480364, 226.317637103, 236.272778013, 241.68571634, 250.284350767, 256.275875791, 262.795772299, 268.433872043, 277.648583911, 284.088370174], "episode_lengths": [30, 84, 52, 33, 56, 36, 39, 37, 59, 42], "episode_rewards": [30.0, 84.0, 52.0, 33.0, 56.0, 36.0, 39.0, 37.0, 59.0, 42.0], "episode_types": ["t", "t", "t", "t", "t", "t", "t", "t", "t", "t"]}