{"initial_reset_timestamp": 260.024573669, "timestamps": [304.701610346, 381.152077526, 397.773220762, 458.290270986, 533.043234803, 598.404398077, 625.17013813, 686.399168921, 746.723713346, 779.962898886], "episode_lengths": [21, 53, 13, 43, 53, 44, 13, 36, 35, 19], "episode_rewards": [21.0, 53.0, 13.0, 43.0, 53.0, 44.0, 13.0, 36.0, 35.0, 19.0], "episode_types": ["t", "t", "t", "t", "t", "t", "t", "t", "t", "t"]}