{"initial_reset_timestamp": 237.154755879, "timestamps": [277.705289387, 332.155296095, 342.397451946, 354.175391842, 396.039062366, 406.788661404, 443.713201158, 452.505452882, 461.814871008, 471.504038274], "episode_lengths": [37, 58, 11, 12, 44, 12, 41, 10, 11, 11], "episode_rewards": [37.0, 58.0, 11.0, 12.0, 44.0, 12.0, 41.0, 10.0, 11.0, 11.0], "episode_types": ["t", "t", "t", "t", "t", "t", "t", "t", "t", "t"]}