{"initial_reset_timestamp": 216.597025375, "timestamps": [226.015364681, 233.260333133, 240.564994392, 249.026208215, 251.20952208, 260.796005122, 267.684195195, 273.97117241, 286.147986383, 288.847935414], "episode_lengths": [35, 43, 38, 41, 11, 59, 37, 35, 66, 10], "episode_rewards": [35.0, 43.0, 38.0, 41.0, 11.0, 59.0, 37.0, 35.0, 66.0, 10.0], "episode_types": ["t", "t", "t", "t", "t", "t", "t", "t", "t", "t"]}