{"initial_reset_timestamp": 251.542337883, "timestamps": [255.773299594, 261.799766251, 267.7232656, 272.269183442, 278.706130728, 288.099112875, 293.146767467, 297.78589767, 299.629576113, 305.215674884], "episode_lengths": [9, 30, 28, 24, 36, 58, 31, 29, 10, 33], "episode_rewards": [9.0, 30.0, 28.0, 24.0, 36.0, 58.0, 31.0, 29.0, 10.0, 33.0], "episode_types": ["t", "t", "t", "t", "t", "t", "t", "t", "t", "t"]}