{"initial_reset_timestamp": 204.63666951, "timestamps": [272.952945724, 377.597134935, 395.94564348, 461.895352112, 480.662130146, 502.699192359, 622.765146997, 672.314999221, 690.91882357, 748.95203044], "episode_lengths": [43, 69, 11, 42, 12, 11, 76, 32, 11, 35], "episode_rewards": [43.0, 69.0, 11.0, 42.0, 12.0, 11.0, 76.0, 32.0, 11.0, 35.0], "episode_types": ["t", "t", "t", "t", "t", "t", "t", "t", "t", "t"]}